{
	"version": "2.0",
	"name": "aaa",
	"description": "",
	"points": 1893701,
	"projection": "",
	"hierarchy": {
		"firstChunkSize": 4994, 
		"stepSize": 4, 
		"depth": 7
	},
	"offset": [-71187.122750000024, -142816.43837000005, 20.09715000000001],
	"scale": [1.1302837170659925e-07, 1.3842733576893479e-07, 2.1853893995285045e-08],
	"spacing": 1.1612126562499725,
	"boundingBox": {
		"min": [-71187.122750000024, -142816.43837000005, 20.09715000000001], 
		"max": [-71038.487530000028, -142667.80315000005, 168.73236999999648]
	},
	"attributes": [
		{
			"name": "position",
			"description": "",
			"size": 12,
			"numElements": 3,
			"elementSize": 4,
			"type": "int32",
			"min": [-71187.122750000024, -142816.43837000005, 20.09715000000001],
			"max": [-71065.75946000003, -142667.80315000005, 43.562590000000021]
		},{
			"name": "intensity",
			"description": "",
			"size": 2,
			"numElements": 1,
			"elementSize": 2,
			"type": "uint16",
			"min": [0],
			"max": [65535]
		},{
			"name": "return number",
			"description": "",
			"size": 1,
			"numElements": 1,
			"elementSize": 1,
			"type": "uint8",
			"min": [0],
			"max": [0]
		},{
			"name": "number of returns",
			"description": "",
			"size": 1,
			"numElements": 1,
			"elementSize": 1,
			"type": "uint8",
			"min": [0],
			"max": [0]
		},{
			"name": "classification",
			"description": "",
			"size": 1,
			"numElements": 1,
			"elementSize": 1,
			"type": "uint8",
			"min": [1],
			"max": [1]
		},{
			"name": "scan angle rank",
			"description": "",
			"size": 1,
			"numElements": 1,
			"elementSize": 1,
			"type": "uint8",
			"min": [0],
			"max": [0]
		},{
			"name": "user data",
			"description": "",
			"size": 1,
			"numElements": 1,
			"elementSize": 1,
			"type": "uint8",
			"min": [0],
			"max": [0]
		},{
			"name": "point source id",
			"description": "",
			"size": 2,
			"numElements": 1,
			"elementSize": 2,
			"type": "uint16",
			"min": [29],
			"max": [29]
		},{
			"name": "rgb",
			"description": "",
			"size": 6,
			"numElements": 3,
			"elementSize": 2,
			"type": "uint16",
			"min": [0, 0, 0],
			"max": [65025, 65025, 65025]
		}
	]
}
